{
    "1_4_1": 0.22996961805555557,
    "1_2_0": 0.27093098958333334,
    "1_2_1": 0.2786783854166667,
    "2_2_1": 0.27496744791666666
}