{
    "fwd_time_bf16_hidden_1600": 0.8488256216049197,
    "fwd_time_bf16_hidden_2560": 1.311131238937378,
    "fwd_time_bf16_hidden_4096": 4.8338513374328596
}