{
    "1_1_8": {
        "layernum[4,4]_bsz64_rank0_ms": 3180.15625,
        "layernum[4,4]_bsz64_rank0_act": 545.7197265625,
        "layernum[4,4]_bsz64_rank0_act_peak": 113.85888671875,
        "layernum[4,4]_bsz64_rank7_ms": 3180.15625,
        "layernum[4,4]_bsz64_rank7_act": 545.7197265625,
        "layernum[4,4]_bsz64_rank7_act_peak": 113.85888671875,
        "layernum[4,8]_bsz64_rank0_ms": 3949.484375,
        "layernum[4,8]_bsz64_rank0_act": 645.3583984375,
        "layernum[4,8]_bsz64_rank0_act_peak": 112.86083984375,
        "layernum[4,8]_bsz64_rank7_ms": 3949.484375,
        "layernum[4,8]_bsz64_rank7_act": 645.3583984375,
        "layernum[4,8]_bsz64_rank7_act_peak": 112.86083984375,
        "layernum[8,4]_bsz64_rank0_ms": 4721.5625,
        "layernum[8,4]_bsz64_rank0_act": 976.49072265625,
        "layernum[8,4]_bsz64_rank0_act_peak": 150.21484375,
        "layernum[8,4]_bsz64_rank7_ms": 4721.5625,
        "layernum[8,4]_bsz64_rank7_act": 976.49072265625,
        "layernum[8,4]_bsz64_rank7_act_peak": 150.21484375
    },
    "1_2_4": {
        "layernum[4,4]_bsz64_rank0_ms": 2026.99072265625,
        "layernum[4,4]_bsz64_rank0_act": 660.89453125,
        "layernum[4,4]_bsz64_rank0_act_peak": 340.99072265625,
        "layernum[4,4]_bsz64_rank7_ms": 2027.00146484375,
        "layernum[4,4]_bsz64_rank7_act": 659.533203125,
        "layernum[4,4]_bsz64_rank7_act_peak": 340.97998046875,
        "layernum[4,8]_bsz64_rank0_ms": 2411.10205078125,
        "layernum[4,8]_bsz64_rank0_act": 767.67822265625,
        "layernum[4,8]_bsz64_rank0_act_peak": 343.26953125,
        "layernum[4,8]_bsz64_rank7_ms": 2411.49365234375,
        "layernum[4,8]_bsz64_rank7_act": 767.27783203125,
        "layernum[4,8]_bsz64_rank7_act_peak": 341.08154296875,
        "layernum[8,4]_bsz64_rank0_ms": 2798.14892578125,
        "layernum[8,4]_bsz64_rank0_act": 1192.8525390625,
        "layernum[8,4]_bsz64_rank0_act_peak": 680.7578125,
        "layernum[8,4]_bsz64_rank7_ms": 2797.83740234375,
        "layernum[8,4]_bsz64_rank7_act": 1193.5546875,
        "layernum[8,4]_bsz64_rank7_act_peak": 680.63232421875
    },
    "1_4_2": {
        "layernum[4,4]_bsz64_rank0_ms": 1449.35009765625,
        "layernum[4,4]_bsz64_rank0_act": 883.986328125,
        "layernum[4,4]_bsz64_rank0_act_peak": 589.2509765625,
        "layernum[4,4]_bsz64_rank7_ms": 1449.35009765625,
        "layernum[4,4]_bsz64_rank7_act": 882.11669921875,
        "layernum[4,4]_bsz64_rank7_act_peak": 589.39453125,
        "layernum[4,8]_bsz64_rank0_ms": 1643.84912109375,
        "layernum[4,8]_bsz64_rank0_act": 1030.19580078125,
        "layernum[4,8]_bsz64_rank0_act_peak": 677.56787109375,
        "layernum[4,8]_bsz64_rank7_ms": 1644.36474609375,
        "layernum[4,8]_bsz64_rank7_act": 1030.0673828125,
        "layernum[4,8]_bsz64_rank7_act_peak": 677.33642578125,
        "layernum[8,4]_bsz64_rank0_ms": 1836.47216796875,
        "layernum[8,4]_bsz64_rank0_act": 1583.10791015625,
        "layernum[8,4]_bsz64_rank0_act_peak": 1194.32666015625,
        "layernum[8,4]_bsz64_rank7_ms": 1836.9111328125,
        "layernum[8,4]_bsz64_rank7_act": 1582.912109375,
        "layernum[8,4]_bsz64_rank7_act_peak": 1193.87841796875
    },
    "1_8_1": {
        "layernum[4,4]_bsz64_rank0_ms": 1160.22412109375,
        "layernum[4,4]_bsz64_rank0_act": 1341.3115234375,
        "layernum[4,4]_bsz64_rank0_act_peak": 1114.79248046875,
        "layernum[4,4]_bsz64_rank7_ms": 1161.16015625,
        "layernum[4,4]_bsz64_rank7_act": 1340.775390625,
        "layernum[4,4]_bsz64_rank7_act_peak": 1114.25634765625,
        "layernum[4,8]_bsz64_rank0_ms": 1256.2333984375,
        "layernum[4,8]_bsz64_rank0_act": 1566.30712890625,
        "layernum[4,8]_bsz64_rank0_act_peak": 1315.6806640625,
        "layernum[4,8]_bsz64_rank7_ms": 1256.2333984375,
        "layernum[4,8]_bsz64_rank7_act": 1567.9013671875,
        "layernum[4,8]_bsz64_rank7_act_peak": 1317.27490234375,
        "layernum[8,4]_bsz64_rank0_ms": 1354.1494140625,
        "layernum[8,4]_bsz64_rank0_act": 2397.75048828125,
        "layernum[8,4]_bsz64_rank0_act_peak": 2123.9501953125,
        "layernum[8,4]_bsz64_rank7_ms": 1354.1494140625,
        "layernum[8,4]_bsz64_rank7_act": 2396.91064453125,
        "layernum[8,4]_bsz64_rank7_act_peak": 2122.1162109375
    },
    "1_1_8_c": {
        "layernum[4,4]_bsz64_rank0_ms": 3180.15625,
        "layernum[4,4]_bsz64_rank0_act": 43.73388671875,
        "layernum[4,4]_bsz64_rank0_act_peak": 118.33984375,
        "layernum[4,4]_bsz64_rank7_ms": 3180.15625,
        "layernum[4,4]_bsz64_rank7_act": 43.73388671875,
        "layernum[4,4]_bsz64_rank7_act_peak": 118.640625,
        "layernum[4,8]_bsz64_rank0_ms": 3948.96875,
        "layernum[4,8]_bsz64_rank0_act": 50.81005859375,
        "layernum[4,8]_bsz64_rank0_act_peak": 119.1533203125,
        "layernum[4,8]_bsz64_rank7_ms": 3948.96875,
        "layernum[4,8]_bsz64_rank7_act": 50.81005859375,
        "layernum[4,8]_bsz64_rank7_act_peak": 118.640625,
        "layernum[8,4]_bsz64_rank0_ms": 4721.3046875,
        "layernum[8,4]_bsz64_rank0_act": 65.81982421875,
        "layernum[8,4]_bsz64_rank0_act_peak": 118.77880859375,
        "layernum[8,4]_bsz64_rank7_ms": 4721.3046875,
        "layernum[8,4]_bsz64_rank7_act": 65.81982421875,
        "layernum[8,4]_bsz64_rank7_act_peak": 118.33984375
    },
    "1_2_4_c": {
        "layernum[4,4]_bsz64_rank0_ms": 2026.50830078125,
        "layernum[4,4]_bsz64_rank0_act": 77.29296875,
        "layernum[4,4]_bsz64_rank0_act_peak": 168.7021484375,
        "layernum[4,4]_bsz64_rank7_ms": 2027.0439453125,
        "layernum[4,4]_bsz64_rank7_act": 77.29296875,
        "layernum[4,4]_bsz64_rank7_act_peak": 167.30859375,
        "layernum[4,8]_bsz64_rank0_ms": 2411.10205078125,
        "layernum[4,8]_bsz64_rank0_act": 87.642578125,
        "layernum[4,8]_bsz64_rank0_act_peak": 167.30859375,
        "layernum[4,8]_bsz64_rank7_ms": 2412.61572265625,
        "layernum[4,8]_bsz64_rank7_act": 87.642578125,
        "layernum[4,8]_bsz64_rank7_act_peak": 168.2763671875,
        "layernum[8,4]_bsz64_rank0_ms": 2797.34423828125,
        "layernum[8,4]_bsz64_rank0_act": 121.46484375,
        "layernum[8,4]_bsz64_rank0_act_peak": 167.30859375,
        "layernum[8,4]_bsz64_rank7_ms": 2797.8798828125,
        "layernum[8,4]_bsz64_rank7_act": 120.755859375,
        "layernum[8,4]_bsz64_rank7_act_peak": 167.458984375
    },
    "1_4_2_c": {
        "layernum[4,4]_bsz64_rank0_ms": 1448.89111328125,
        "layernum[4,4]_bsz64_rank0_act": 144.63916015625,
        "layernum[4,4]_bsz64_rank0_act_peak": 243.0966796875,
        "layernum[4,4]_bsz64_rank7_ms": 1448.68212890625,
        "layernum[4,4]_bsz64_rank7_act": 146.27490234375,
        "layernum[4,4]_bsz64_rank7_act_peak": 244.0234375,
        "layernum[4,8]_bsz64_rank0_ms": 1643.41015625,
        "layernum[4,8]_bsz64_rank0_act": 165.3916015625,
        "layernum[4,8]_bsz64_rank0_act_peak": 244.07666015625,
        "layernum[4,8]_bsz64_rank7_ms": 1642.97265625,
        "layernum[4,8]_bsz64_rank7_act": 165.4580078125,
        "layernum[4,8]_bsz64_rank7_act_peak": 242.70849609375,
        "layernum[8,4]_bsz64_rank0_ms": 1836.9228515625,
        "layernum[8,4]_bsz64_rank0_act": 234.3095703125,
        "layernum[8,4]_bsz64_rank0_act_peak": 243.64501953125,
        "layernum[8,4]_bsz64_rank7_ms": 1838.482421875,
        "layernum[8,4]_bsz64_rank7_act": 234.23046875,
        "layernum[8,4]_bsz64_rank7_act_peak": 244.771484375
    },
    "1_8_1_c": {
        "layernum[4,4]_bsz64_rank0_ms": 1159.33740234375,
        "layernum[4,4]_bsz64_rank0_act": 280.65625,
        "layernum[4,4]_bsz64_rank0_act_peak": 390.35546875,
        "layernum[4,4]_bsz64_rank7_ms": 1159.33740234375,
        "layernum[4,4]_bsz64_rank7_act": 280.65625,
        "layernum[4,4]_bsz64_rank7_act_peak": 390.35546875,
        "layernum[4,8]_bsz64_rank0_ms": 1255.76708984375,
        "layernum[4,8]_bsz64_rank0_act": 322.53173828125,