{
    "1_1_8": {
        "layernum[4,4]_bsz64_rank0_ms": 2849.607421875,
        "layernum[4,4]_bsz64_rank0_act": 504.732421875,
        "layernum[4,4]_bsz64_rank0_act_peak": 108.40234375,
        "layernum[4,4]_bsz64_rank7_ms": 2849.607421875,
        "layernum[4,4]_bsz64_rank7_act": 504.732421875,
        "layernum[4,4]_bsz64_rank7_act_peak": 108.40234375,
        "layernum[4,8]_bsz64_rank0_ms": 3618.419921875,
        "layernum[4,8]_bsz64_rank0_act": 598.54736328125,
        "layernum[4,8]_bsz64_rank0_act_peak": 108.322265625,
        "layernum[4,8]_bsz64_rank7_ms": 3618.419921875,
        "layernum[4,8]_bsz64_rank7_act": 598.54736328125,
        "layernum[4,8]_bsz64_rank7_act_peak": 108.322265625,
        "layernum[8,4]_bsz64_rank0_ms": 4065.607421875,
        "layernum[8,4]_bsz64_rank0_act": 897.6982421875,
        "layernum[8,4]_bsz64_rank0_act_peak": 180.86376953125,
        "layernum[8,4]_bsz64_rank7_ms": 4065.607421875,
        "layernum[8,4]_bsz64_rank7_act": 897.6982421875,
        "layernum[8,4]_bsz64_rank7_act_peak": 180.86376953125
    },
    "1_2_4": {
        "layernum[4,4]_bsz64_rank0_ms": 1856.70751953125,
        "layernum[4,4]_bsz64_rank0_act": 602.33642578125,
        "layernum[4,4]_bsz64_rank0_act_peak": 287.22607421875,
        "layernum[4,4]_bsz64_rank7_ms": 1856.40625,
        "layernum[4,4]_bsz64_rank7_act": 601.453125,
        "layernum[4,4]_bsz64_rank7_act_peak": 283.83154296875,
        "layernum[4,8]_bsz64_rank0_ms": 2241.0,
        "layernum[4,8]_bsz64_rank0_act": 707.2958984375,
        "layernum[4,8]_bsz64_rank0_act_peak": 286.3330078125,
        "layernum[4,8]_bsz64_rank7_ms": 2240.78564453125,
        "layernum[4,8]_bsz64_rank7_act": 707.0615234375,
        "layernum[4,8]_bsz64_rank7_act_peak": 285.58984375,
        "layernum[8,4]_bsz64_rank0_ms": 2464.19189453125,
        "layernum[8,4]_bsz64_rank0_act": 1072.3935546875,
        "layernum[8,4]_bsz64_rank0_act_peak": 605.72412109375,
        "layernum[8,4]_bsz64_rank7_ms": 2464.40625,
        "layernum[8,4]_bsz64_rank7_act": 1073.4375,
        "layernum[8,4]_bsz64_rank7_act_peak": 604.4462890625
    },
    "1_4_2": {
        "layernum[4,4]_bsz64_rank0_ms": 1361.5888671875,
        "layernum[4,4]_bsz64_rank0_act": 807.796875,
        "layernum[4,4]_bsz64_rank0_act_peak": 524.25244140625,
        "layernum[4,4]_bsz64_rank7_ms": 1361.103515625,
        "layernum[4,4]_bsz64_rank7_act": 808.578125,
        "layernum[4,4]_bsz64_rank7_act_peak": 525.10302734375,
        "layernum[4,8]_bsz64_rank0_ms": 1554.8896484375,
        "layernum[4,8]_bsz64_rank0_act": 953.2236328125,
        "layernum[4,8]_bsz64_rank0_act_peak": 621.77099609375,
        "layernum[4,8]_bsz64_rank7_ms": 1554.7451171875,
        "layernum[4,8]_bsz64_rank7_act": 951.08984375,
        "layernum[4,8]_bsz64_rank7_act_peak": 619.05908203125,
        "layernum[8,4]_bsz64_rank0_ms": 1662.1982421875,
        "layernum[8,4]_bsz64_rank0_act": 1438.57763671875,
        "layernum[8,4]_bsz64_rank0_act_peak": 1080.2587890625,
        "layernum[8,4]_bsz64_rank7_ms": 1662.322265625,
        "layernum[8,4]_bsz64_rank7_act": 1440.33251953125,
        "layernum[8,4]_bsz64_rank7_act_peak": 1082.0986328125
    },
    "1_8_1": {
        "layernum[4,4]_bsz64_rank0_ms": 1116.935546875,
        "layernum[4,4]_bsz64_rank0_act": 1232.88232421875,
        "layernum[4,4]_bsz64_rank0_act_peak": 1016.60498046875,
        "layernum[4,4]_bsz64_rank7_ms": 1116.935546875,
        "layernum[4,4]_bsz64_rank7_act": 1233.72119140625,
        "layernum[4,4]_bsz64_rank7_act_peak": 1017.44384765625,
        "layernum[4,8]_bsz64_rank0_ms": 1211.72509765625,
        "layernum[4,8]_bsz64_rank0_act": 1456.10107421875,
        "layernum[4,8]_bsz64_rank0_act_peak": 1216.107421875,
        "layernum[4,8]_bsz64_rank7_ms": 1211.72509765625,
        "layernum[4,8]_bsz64_rank7_act": 1458.1474609375,
        "layernum[4,8]_bsz64_rank7_act_peak": 1218.15380859375,
        "layernum[8,4]_bsz64_rank0_ms": 1266.20654296875,
        "layernum[8,4]_bsz64_rank0_act": 2185.7666015625,
        "layernum[8,4]_bsz64_rank0_act_peak": 1931.8544921875,
        "layernum[8,4]_bsz64_rank7_ms": 1266.20654296875,
        "layernum[8,4]_bsz64_rank7_act": 2185.68896484375,
        "layernum[8,4]_bsz64_rank7_act_peak": 1931.77685546875
    },
    "1_1_8_c": {
        "layernum[4,4]_bsz64_rank0_ms": 2849.5595703125,
        "layernum[4,4]_bsz64_rank0_act": 42.392578125,
        "layernum[4,4]_bsz64_rank0_act_peak": 106.93359375,
        "layernum[4,4]_bsz64_rank7_ms": 2849.5595703125,
        "layernum[4,4]_bsz64_rank7_act": 42.392578125,
        "layernum[4,4]_bsz64_rank7_act_peak": 106.93359375,
        "layernum[4,8]_bsz64_rank0_ms": 3618.3720703125,
        "layernum[4,8]_bsz64_rank0_act": 50.552734375,
        "layernum[4,8]_bsz64_rank0_act_peak": 106.93359375,
        "layernum[4,8]_bsz64_rank7_ms": 3618.3720703125,
        "layernum[4,8]_bsz64_rank7_act": 50.552734375,
        "layernum[4,8]_bsz64_rank7_act_peak": 106.93359375,
        "layernum[8,4]_bsz64_rank0_ms": 4066.49609375,
        "layernum[8,4]_bsz64_rank0_act": 62.4873046875,
        "layernum[8,4]_bsz64_rank0_act_peak": 106.93359375,
        "layernum[8,4]_bsz64_rank7_ms": 4066.49609375,
        "layernum[8,4]_bsz64_rank7_act": 62.4873046875,
        "layernum[8,4]_bsz64_rank7_act_peak": 107.3310546875
    },
    "1_2_4_c": {
        "layernum[4,4]_bsz64_rank0_ms": 1856.5625,
        "layernum[4,4]_bsz64_rank0_act": 71.421875,
        "layernum[4,4]_bsz64_rank0_act_peak": 134.548828125,
        "layernum[4,4]_bsz64_rank7_ms": 1855.28466796875,
        "layernum[4,4]_bsz64_rank7_act": 71.09130859375,
        "layernum[4,4]_bsz64_rank7_act_peak": 134.68212890625,
        "layernum[4,8]_bsz64_rank0_ms": 2241.0,
        "layernum[4,8]_bsz64_rank0_act": 82.197265625,
        "layernum[4,8]_bsz64_rank0_act_peak": 134.123046875,
        "layernum[4,8]_bsz64_rank7_ms": 2240.78564453125,
        "layernum[4,8]_bsz64_rank7_act": 82.078125,
        "layernum[4,8]_bsz64_rank7_act_peak": 134.814453125,
        "layernum[8,4]_bsz64_rank0_ms": 2463.6552734375,
        "layernum[8,4]_bsz64_rank0_act": 111.98974609375,
        "layernum[8,4]_bsz64_rank0_act_peak": 134.638671875,
        "layernum[8,4]_bsz64_rank7_ms": 2464.19189453125,
        "layernum[8,4]_bsz64_rank7_act": 111.15771484375,
        "layernum[8,4]_bsz64_rank7_act_peak": 134.548828125
    },
    "1_4_2_c": {
        "layernum[4,4]_bsz64_rank0_ms": 1360.62109375,
        "layernum[4,4]_bsz64_rank0_act": 135.8916015625,
        "layernum[4,4]_bsz64_rank0_act_peak": 203.4111328125,
        "layernum[4,4]_bsz64_rank7_ms": 1361.345703125,
        "layernum[4,4]_bsz64_rank7_act": 135.2373046875,
        "layernum[4,4]_bsz64_rank7_act_peak": 202.83837890625,
        "layernum[4,8]_bsz64_rank0_ms": 1554.4609375,
        "layernum[4,8]_bsz64_rank0_act": 156.60595703125,
        "layernum[4,8]_bsz64_rank0_act_peak": 202.9150390625,
        "layernum[4,8]_bsz64_rank7_ms": 1553.732421875,
        "layernum[4,8]_bsz64_rank7_act": 156.42578125,
        "layernum[4,8]_bsz64_rank7_act_peak": 202.9150390625,
        "layernum[8,4]_bsz64_rank0_ms": 1662.365234375,
        "layernum[8,4]_bsz64_rank0_act": 215.0927734375,
        "layernum[8,4]_bsz64_rank0_act_peak": 202.48291015625,
        "layernum[8,4]_bsz64_rank7_ms": 1663.40234375,
        "layernum[8,4]_bsz64_rank7_act": 214.40234375,
        "layernum[8,4]_bsz64_rank7_act_peak": 201.67822265625
    },
    "1_8_1_c": {
        "layernum[4,4]_bsz64_rank0_ms": 1117.72314453125,
        "layernum[4,4]_bsz64_rank0_act": 260.23779296875,
        "layernum[4,4]_bsz64_rank0_act_peak": 336.19140625,
        "layernum[4,4]_bsz64_rank7_ms": 1117.72314453125,
        "layernum[4,4]_bsz64_rank7_act": 260.23779296875,
        "layernum[4,4]_bsz64_rank7_act_peak": 336.67138671875,
        "layernum[4,8]_bsz64_rank0_ms": 1212.51416015625,
        "layernum[4,8]_bsz64_rank0_act": 302.23779296875,